No,Category,Title,question,answer
1,メリクリウス,MerQNetの画面が開けない,MerQNetの画面が開けないのですがどうしたらよいでしょうか？,"【MerQNetの画面が開けない】
①②のどちらのパターンかによって対応が変わります。
①MerQNetのトップページが開いてしまう
新人さんのPCにはWindowsUpdate用のプログラム「Flex Work Unifer」がインストールされておりませんでした。
添付のエクセルファイルをDLして、こちらの方法でWindowsUpdateを実施してください。
②MerQNetの画面が開くが、ポップアップがブロックされてしまう
https://housefoodsgroup.slack.com/archives/C03PDP5ALSH/p1663138906543999
上記Slackにあります通り、企画運営部での作業が必要です。
作業時間は15分程ですので、お時間のある時に企画運営部4G　菅野裕子（不在時　福中さん、中山さん）まで対応をご依頼ください。"
1,メリクリウス,MerQNetの画面が開けない,MerQNetの接続がうまくできません。どのように対処したらよいでしょうか？,"【MerQNetの画面が開けない】
①②のどちらのパターンかによって対応が変わります。
①MerQNetのトップページが開いてしまう
新人さんのPCにはWindowsUpdate用のプログラム「Flex Work Unifer」がインストールされておりませんでした。
添付のエクセルファイルをDLして、こちらの方法でWindowsUpdateを実施してください。
②MerQNetの画面が開くが、ポップアップがブロックされてしまう
https://housefoodsgroup.slack.com/archives/C03PDP5ALSH/p1663138906543999
上記Slackにあります通り、企画運営部での作業が必要です。
作業時間は15分程ですので、お時間のある時に企画運営部5G　菅野裕子（不在時　福中さん、中山さん）まで対応をご依頼ください。"
1,メリクリウス,MerQNetの画面が開けない,MerQNetの画面が上手く表示されず、どのように解決したらよいでしょうか。,"【MerQNetの画面が開けない】
①②のどちらのパターンかによって対応が変わります。
①MerQNetのトップページが開いてしまう
新人さんのPCにはWindowsUpdate用のプログラム「Flex Work Unifer」がインストールされておりませんでした。
添付のエクセルファイルをDLして、こちらの方法でWindowsUpdateを実施してください。
②MerQNetの画面が開くが、ポップアップがブロックされてしまう
https://housefoodsgroup.slack.com/archives/C03PDP5ALSH/p1663138906543999
上記Slackにあります通り、企画運営部での作業が必要です。
作業時間は15分程ですので、お時間のある時に企画運営部6G　菅野裕子（不在時　福中さん、中山さん）まで対応をご依頼ください。"
1,メリクリウス,MerQNetの画面が開けない,メルクリウスネットが繋がりません。開く方法を教えていただけないでしょうか。,"【MerQNetの画面が開けない】
①②のどちらのパターンかによって対応が変わります。
①MerQNetのトップページが開いてしまう
新人さんのPCにはWindowsUpdate用のプログラム「Flex Work Unifer」がインストールされておりませんでした。
添付のエクセルファイルをDLして、こちらの方法でWindowsUpdateを実施してください。
②MerQNetの画面が開くが、ポップアップがブロックされてしまう
https://housefoodsgroup.slack.com/archives/C03PDP5ALSH/p1663138906543999
上記Slackにあります通り、企画運営部での作業が必要です。
作業時間は15分程ですので、お時間のある時に企画運営部7G　菅野裕子（不在時　福中さん、中山さん）まで対応をご依頼ください。"
1,メリクリウス,MerQNetの画面が開けない,メルクリウスネットを何度クリックしても接続できず、困っております。どのようにしらいいいでしょうか。,"【MerQNetの画面が開けない】
①②のどちらのパターンかによって対応が変わります。
①MerQNetのトップページが開いてしまう
新人さんのPCにはWindowsUpdate用のプログラム「Flex Work Unifer」がインストールされておりませんでした。
添付のエクセルファイルをDLして、こちらの方法でWindowsUpdateを実施してください。
②MerQNetの画面が開くが、ポップアップがブロックされてしまう
https://housefoodsgroup.slack.com/archives/C03PDP5ALSH/p1663138906543999
上記Slackにあります通り、企画運営部での作業が必要です。
作業時間は15分程ですので、お時間のある時に企画運営部8G　菅野裕子（不在時　福中さん、中山さん）まで対応をご依頼ください。"
1,メリクリウス,MerQNetの画面が開けない,メルキューネットが接続できません。解消するために何か対策はありますか？,"【MerQNetの画面が開けない】
①②のどちらのパターンかによって対応が変わります。
①MerQNetのトップページが開いてしまう
新人さんのPCにはWindowsUpdate用のプログラム「Flex Work Unifer」がインストールされておりませんでした。
添付のエクセルファイルをDLして、こちらの方法でWindowsUpdateを実施してください。
②MerQNetの画面が開くが、ポップアップがブロックされてしまう
https://housefoodsgroup.slack.com/archives/C03PDP5ALSH/p1663138906543999
上記Slackにあります通り、企画運営部での作業が必要です。
作業時間は15分程ですので、お時間のある時に企画運営部9G　菅野裕子（不在時　福中さん、中山さん）まで対応をご依頼ください。"
1,メリクリウス,MerQNetの画面が開けない,メルキューネットの画面が開きません。対処方法を教えてください。,"【MerQNetの画面が開けない】
①②のどちらのパターンかによって対応が変わります。
①MerQNetのトップページが開いてしまう
新人さんのPCにはWindowsUpdate用のプログラム「Flex Work Unifer」がインストールされておりませんでした。
添付のエクセルファイルをDLして、こちらの方法でWindowsUpdateを実施してください。
②MerQNetの画面が開くが、ポップアップがブロックされてしまう
https://housefoodsgroup.slack.com/archives/C03PDP5ALSH/p1663138906543999
上記Slackにあります通り、企画運営部での作業が必要です。
作業時間は15分程ですので、お時間のある時に企画運営部10G　菅野裕子（不在時　福中さん、中山さん）まで対応をご依頼ください。"
1,メリクリウス,MerQNetの画面が開けない,原料規格書システムがうまく作動しません。改善策を教えてください。,"【MerQNetの画面が開けない】
①②のどちらのパターンかによって対応が変わります。
①MerQNetのトップページが開いてしまう
新人さんのPCにはWindowsUpdate用のプログラム「Flex Work Unifer」がインストールされておりませんでした。
添付のエクセルファイルをDLして、こちらの方法でWindowsUpdateを実施してください。
②MerQNetの画面が開くが、ポップアップがブロックされてしまう
https://housefoodsgroup.slack.com/archives/C03PDP5ALSH/p1663138906543999
上記Slackにあります通り、企画運営部での作業が必要です。
作業時間は15分程ですので、お時間のある時に企画運営部11G　菅野裕子（不在時　福中さん、中山さん）まで対応をご依頼ください。"
1,メリクリウス,MerQNetの画面が開けない,メルクネットが正常に動きませんが、どうずれば動くようになりますか？,"【MerQNetの画面が開けない】
①②のどちらのパターンかによって対応が変わります。
①MerQNetのトップページが開いてしまう
新人さんのPCにはWindowsUpdate用のプログラム「Flex Work Unifer」がインストールされておりませんでした。
添付のエクセルファイルをDLして、こちらの方法でWindowsUpdateを実施してください。
②MerQNetの画面が開くが、ポップアップがブロックされてしまう
https://housefoodsgroup.slack.com/archives/C03PDP5ALSH/p1663138906543999
上記Slackにあります通り、企画運営部での作業が必要です。
作業時間は15分程ですので、お時間のある時に企画運営部12G　菅野裕子（不在時　福中さん、中山さん）まで対応をご依頼ください。"
1,メリクリウス,MerQNetの画面が開けない,メルクネットの調子が分かるく繋がりにくい状況です。スムーズに接続する方法を教えてください。,"【MerQNetの画面が開けない】
①②のどちらのパターンかによって対応が変わります。
①MerQNetのトップページが開いてしまう
新人さんのPCにはWindowsUpdate用のプログラム「Flex Work Unifer」がインストールされておりませんでした。
添付のエクセルファイルをDLして、こちらの方法でWindowsUpdateを実施してください。
②MerQNetの画面が開くが、ポップアップがブロックされてしまう
https://housefoodsgroup.slack.com/archives/C03PDP5ALSH/p1663138906543999
上記Slackにあります通り、企画運営部での作業が必要です。
作業時間は15分程ですので、お時間のある時に企画運営部13G　菅野裕子（不在時　福中さん、中山さん）まで対応をご依頼ください。"
2,PulseSecure,PulseSecureの不具合について,最近、テレワーク中にPulseSecureが切断される現象がでてきました。どのように対処したらよいでしょうか？,"【PulseSecureの不具合について】
PulseSecureについて、現在のバージョンでは接続の不具合が発生する場合があります。
現在、HBPの方で新バージョン（ivanti）の検証中です。不具合が解消されましたら正式にリリースされますが、不具合が出てお困りの場合は、先に新バージョンへの移行も可能です。
※ただし新バージョンはWebサイトに接続の際に1秒ほど「このサイトにアクセスできません」の画面が表示されてしまいます。
　（添付ご参照）待っていればそのまま接続されます。
アイコンやアプリ名が別のものに変わりますが、操作方法は同じで、設定も自動的に引き継がれます。
■インストール操作
指定のファイル（インストーラ）をデスクトップにコピーする。

①インストーラーファイルをダブルクリック
②Ivanti Secure Access Client セットアップウィザードへようこそ
　の画面が出るので、「次へ」をクリック
③Ivanti Secure Access Client のインストール準備完了
　の画面が出るので、「インストール」をクリック
④Ivanti Secure Access Client セットアップウィザードが完了しました
　の画面が出るので、「完了」をクリックして終了になります。

■インストーラー保管場所
\\nt-osnas2\DV情シＦ\システム事業部オープンフォルダ\Ivanti_22_2_1_旧PulseSecure

■インストールファイル名
ps-pulse-win-22.2r1.0-b1295-64bit-installer.msi"
2,PulseSecure,PulseSecureの不具合について,PulseSecureが接続できません。どのように対処したらよいでしょうか。,"【PulseSecureの不具合について】
PulseSecureについて、現在のバージョンでは接続の不具合が発生する場合があります。
現在、HBPの方で新バージョン（ivanti）の検証中です。不具合が解消されましたら正式にリリースされますが、不具合が出てお困りの場合は、先に新バージョンへの移行も可能です。
※ただし新バージョンはWebサイトに接続の際に1秒ほど「このサイトにアクセスできません」の画面が表示されてしまいます。
　（添付ご参照）待っていればそのまま接続されます。
アイコンやアプリ名が別のものに変わりますが、操作方法は同じで、設定も自動的に引き継がれます。
■インストール操作
指定のファイル（インストーラ）をデスクトップにコピーする。

①インストーラーファイルをダブルクリック
②Ivanti Secure Access Client セットアップウィザードへようこそ
　の画面が出るので、「次へ」をクリック
③Ivanti Secure Access Client のインストール準備完了
　の画面が出るので、「インストール」をクリック
④Ivanti Secure Access Client セットアップウィザードが完了しました
　の画面が出るので、「完了」をクリックして終了になります。

■インストーラー保管場所
\\nt-osnas2\DV情シＦ\システム事業部オープンフォルダ\Ivanti_22_2_1_旧PulseSecure

■インストールファイル名
ps-pulse-win-22.2r1.0-b1295-65bit-installer.msi"
2,PulseSecure,PulseSecureの不具合について,PulseSecureがうまく接続されません。どうしたらよいでしょうか？,"【PulseSecureの不具合について】
PulseSecureについて、現在のバージョンでは接続の不具合が発生する場合があります。
現在、HBPの方で新バージョン（ivanti）の検証中です。不具合が解消されましたら正式にリリースされますが、不具合が出てお困りの場合は、先に新バージョンへの移行も可能です。
※ただし新バージョンはWebサイトに接続の際に1秒ほど「このサイトにアクセスできません」の画面が表示されてしまいます。
　（添付ご参照）待っていればそのまま接続されます。
アイコンやアプリ名が別のものに変わりますが、操作方法は同じで、設定も自動的に引き継がれます。
■インストール操作
指定のファイル（インストーラ）をデスクトップにコピーする。

①インストーラーファイルをダブルクリック
②Ivanti Secure Access Client セットアップウィザードへようこそ
　の画面が出るので、「次へ」をクリック
③Ivanti Secure Access Client のインストール準備完了
　の画面が出るので、「インストール」をクリック
④Ivanti Secure Access Client セットアップウィザードが完了しました
　の画面が出るので、「完了」をクリックして終了になります。

■インストーラー保管場所
\\nt-osnas2\DV情シＦ\システム事業部オープンフォルダ\Ivanti_22_2_1_旧PulseSecure

■インストールファイル名
ps-pulse-win-22.2r1.0-b1295-66bit-installer.msi"
2,PulseSecure,PulseSecureの不具合について,エッジやクロームは繋がるのに社内ネットワークにアクセスできない場合の解決策を教えていただけないでしょうか。,"【PulseSecureの不具合について】
PulseSecureについて、現在のバージョンでは接続の不具合が発生する場合があります。
現在、HBPの方で新バージョン（ivanti）の検証中です。不具合が解消されましたら正式にリリースされますが、不具合が出てお困りの場合は、先に新バージョンへの移行も可能です。
※ただし新バージョンはWebサイトに接続の際に1秒ほど「このサイトにアクセスできません」の画面が表示されてしまいます。
　（添付ご参照）待っていればそのまま接続されます。
アイコンやアプリ名が別のものに変わりますが、操作方法は同じで、設定も自動的に引き継がれます。
■インストール操作
指定のファイル（インストーラ）をデスクトップにコピーする。

①インストーラーファイルをダブルクリック
②Ivanti Secure Access Client セットアップウィザードへようこそ
　の画面が出るので、「次へ」をクリック
③Ivanti Secure Access Client のインストール準備完了
　の画面が出るので、「インストール」をクリック
④Ivanti Secure Access Client セットアップウィザードが完了しました
　の画面が出るので、「完了」をクリックして終了になります。

■インストーラー保管場所
\\nt-osnas2\DV情シＦ\システム事業部オープンフォルダ\Ivanti_22_2_1_旧PulseSecure

■インストールファイル名
ps-pulse-win-22.2r1.0-b1295-67bit-installer.msi"
2,PulseSecure,PulseSecureの不具合について,edgeやchromeは閲覧できるが、オープンフォルダが開けない場合の対処法を教えてください。,"【PulseSecureの不具合について】
PulseSecureについて、現在のバージョンでは接続の不具合が発生する場合があります。
現在、HBPの方で新バージョン（ivanti）の検証中です。不具合が解消されましたら正式にリリースされますが、不具合が出てお困りの場合は、先に新バージョンへの移行も可能です。
※ただし新バージョンはWebサイトに接続の際に1秒ほど「このサイトにアクセスできません」の画面が表示されてしまいます。
　（添付ご参照）待っていればそのまま接続されます。
アイコンやアプリ名が別のものに変わりますが、操作方法は同じで、設定も自動的に引き継がれます。
■インストール操作
指定のファイル（インストーラ）をデスクトップにコピーする。

①インストーラーファイルをダブルクリック
②Ivanti Secure Access Client セットアップウィザードへようこそ
　の画面が出るので、「次へ」をクリック
③Ivanti Secure Access Client のインストール準備完了
　の画面が出るので、「インストール」をクリック
④Ivanti Secure Access Client セットアップウィザードが完了しました
　の画面が出るので、「完了」をクリックして終了になります。

■インストーラー保管場所
\\nt-osnas2\DV情シＦ\システム事業部オープンフォルダ\Ivanti_22_2_1_旧PulseSecure

■インストールファイル名
ps-pulse-win-22.2r1.0-b1295-68bit-installer.msi"
2,PulseSecure,PulseSecureの不具合について,社内のネットワークに繋がりません。どうすれば良いですか？,"【PulseSecureの不具合について】
PulseSecureについて、現在のバージョンでは接続の不具合が発生する場合があります。
現在、HBPの方で新バージョン（ivanti）の検証中です。不具合が解消されましたら正式にリリースされますが、不具合が出てお困りの場合は、先に新バージョンへの移行も可能です。
※ただし新バージョンはWebサイトに接続の際に1秒ほど「このサイトにアクセスできません」の画面が表示されてしまいます。
　（添付ご参照）待っていればそのまま接続されます。
アイコンやアプリ名が別のものに変わりますが、操作方法は同じで、設定も自動的に引き継がれます。
■インストール操作
指定のファイル（インストーラ）をデスクトップにコピーする。

①インストーラーファイルをダブルクリック
②Ivanti Secure Access Client セットアップウィザードへようこそ
　の画面が出るので、「次へ」をクリック
③Ivanti Secure Access Client のインストール準備完了
　の画面が出るので、「インストール」をクリック
④Ivanti Secure Access Client セットアップウィザードが完了しました
　の画面が出るので、「完了」をクリックして終了になります。

■インストーラー保管場所
\\nt-osnas2\DV情シＦ\システム事業部オープンフォルダ\Ivanti_22_2_1_旧PulseSecure

■インストールファイル名
ps-pulse-win-22.2r1.0-b1295-69bit-installer.msi"
2,PulseSecure,PulseSecureの不具合について,ポータルサイトや共有フォルダが見れません。どのような対処法がありますか？,"【PulseSecureの不具合について】
PulseSecureについて、現在のバージョンでは接続の不具合が発生する場合があります。
現在、HBPの方で新バージョン（ivanti）の検証中です。不具合が解消されましたら正式にリリースされますが、不具合が出てお困りの場合は、先に新バージョンへの移行も可能です。
※ただし新バージョンはWebサイトに接続の際に1秒ほど「このサイトにアクセスできません」の画面が表示されてしまいます。
　（添付ご参照）待っていればそのまま接続されます。
アイコンやアプリ名が別のものに変わりますが、操作方法は同じで、設定も自動的に引き継がれます。
■インストール操作
指定のファイル（インストーラ）をデスクトップにコピーする。

①インストーラーファイルをダブルクリック
②Ivanti Secure Access Client セットアップウィザードへようこそ
　の画面が出るので、「次へ」をクリック
③Ivanti Secure Access Client のインストール準備完了
　の画面が出るので、「インストール」をクリック
④Ivanti Secure Access Client セットアップウィザードが完了しました
　の画面が出るので、「完了」をクリックして終了になります。

■インストーラー保管場所
\\nt-osnas2\DV情シＦ\システム事業部オープンフォルダ\Ivanti_22_2_1_旧PulseSecure

■インストールファイル名
ps-pulse-win-22.2r1.0-b1295-70bit-installer.msi"
2,PulseSecure,PulseSecureの不具合について,パルスセキュアに繋がってない状況です。どのようにしたらいいでしょうか？,"【PulseSecureの不具合について】
PulseSecureについて、現在のバージョンでは接続の不具合が発生する場合があります。
現在、HBPの方で新バージョン（ivanti）の検証中です。不具合が解消されましたら正式にリリースされますが、不具合が出てお困りの場合は、先に新バージョンへの移行も可能です。
※ただし新バージョンはWebサイトに接続の際に1秒ほど「このサイトにアクセスできません」の画面が表示されてしまいます。
　（添付ご参照）待っていればそのまま接続されます。
アイコンやアプリ名が別のものに変わりますが、操作方法は同じで、設定も自動的に引き継がれます。
■インストール操作
指定のファイル（インストーラ）をデスクトップにコピーする。

①インストーラーファイルをダブルクリック
②Ivanti Secure Access Client セットアップウィザードへようこそ
　の画面が出るので、「次へ」をクリック
③Ivanti Secure Access Client のインストール準備完了
　の画面が出るので、「インストール」をクリック
④Ivanti Secure Access Client セットアップウィザードが完了しました
　の画面が出るので、「完了」をクリックして終了になります。

■インストーラー保管場所
\\nt-osnas2\DV情シＦ\システム事業部オープンフォルダ\Ivanti_22_2_1_旧PulseSecure

■インストールファイル名
ps-pulse-win-22.2r1.0-b1295-71bit-installer.msi"
2,PulseSecure,PulseSecureの不具合について,在宅中にパルスセキュアが勝手に切れてしまう場合の対処法をご教授ください。,"【PulseSecureの不具合について】
PulseSecureについて、現在のバージョンでは接続の不具合が発生する場合があります。
現在、HBPの方で新バージョン（ivanti）の検証中です。不具合が解消されましたら正式にリリースされますが、不具合が出てお困りの場合は、先に新バージョンへの移行も可能です。
※ただし新バージョンはWebサイトに接続の際に1秒ほど「このサイトにアクセスできません」の画面が表示されてしまいます。
　（添付ご参照）待っていればそのまま接続されます。
アイコンやアプリ名が別のものに変わりますが、操作方法は同じで、設定も自動的に引き継がれます。
■インストール操作
指定のファイル（インストーラ）をデスクトップにコピーする。

①インストーラーファイルをダブルクリック
②Ivanti Secure Access Client セットアップウィザードへようこそ
　の画面が出るので、「次へ」をクリック
③Ivanti Secure Access Client のインストール準備完了
　の画面が出るので、「インストール」をクリック
④Ivanti Secure Access Client セットアップウィザードが完了しました
　の画面が出るので、「完了」をクリックして終了になります。

■インストーラー保管場所
\\nt-osnas2\DV情シＦ\システム事業部オープンフォルダ\Ivanti_22_2_1_旧PulseSecure

■インストールファイル名
ps-pulse-win-22.2r1.0-b1295-72bit-installer.msi"
2,PulseSecure,PulseSecureの不具合について,家で業務をしていると時々パルスセキュアの接続が切れます。どうしたらいいか教えてください。,"【PulseSecureの不具合について】
PulseSecureについて、現在のバージョンでは接続の不具合が発生する場合があります。
現在、HBPの方で新バージョン（ivanti）の検証中です。不具合が解消されましたら正式にリリースされますが、不具合が出てお困りの場合は、先に新バージョンへの移行も可能です。
※ただし新バージョンはWebサイトに接続の際に1秒ほど「このサイトにアクセスできません」の画面が表示されてしまいます。
　（添付ご参照）待っていればそのまま接続されます。
アイコンやアプリ名が別のものに変わりますが、操作方法は同じで、設定も自動的に引き継がれます。
■インストール操作
指定のファイル（インストーラ）をデスクトップにコピーする。

①インストーラーファイルをダブルクリック
②Ivanti Secure Access Client セットアップウィザードへようこそ
　の画面が出るので、「次へ」をクリック
③Ivanti Secure Access Client のインストール準備完了
　の画面が出るので、「インストール」をクリック
④Ivanti Secure Access Client セットアップウィザードが完了しました
　の画面が出るので、「完了」をクリックして終了になります。

■インストーラー保管場所
\\nt-osnas2\DV情シＦ\システム事業部オープンフォルダ\Ivanti_22_2_1_旧PulseSecure

■インストールファイル名
ps-pulse-win-22.2r1.0-b1295-73bit-installer.msi"
3,ポータル,ポータルのメールボックスが開けない,ポータルのメールボックスが開けません。なぜでしょうか？またどのように対処したらよいでしょうか。,"　【メールボックスのアクセスが上手くできない】
　連絡文書「Pｼｽ-72:Edge切り替え後に発生するポータルの不具合について」
　でご案内しておりますが、「トリプルクリック（※）」により以下の事象も
　発生する事が分かりました。

　　　・メール発信画面やポータル画面が消失する。
　　　・メール発信画面や受信画面が表示できない。
　　　・ビジネスキャビネット文書が表示できない。　など
　
　※ 意図的に「トリプルクリック」を行うことは無いと思いますが、素早く
　　 ダブルクリックを行った場合に、意図せずトリプルクリック扱いとなる
　　 可能性があります。　
　
上記の事象が発生した場合、パソコンの再起動をお願い致します。

＜続報＞【ポータルのメールボックスが開けない件】　添付資料あり
パソコンを再起動しなくても回復できそうな方法がありましたので、共有させていただきます。
同症状でお困りの際は、お試しいただけると幸いです。"
3,ポータル,ポータルのメールボックスが開けない,社内メールをクリックしても見れない,"　【メールボックスのアクセスが上手くできない】
　連絡文書「Pｼｽ-73:Edge切り替え後に発生するポータルの不具合について」
　でご案内しておりますが、「トリプルクリック（※）」により以下の事象も
　発生する事が分かりました。

　　　・メール発信画面やポータル画面が消失する。
　　　・メール発信画面や受信画面が表示できない。
　　　・ビジネスキャビネット文書が表示できない。　など
　
　※ 意図的に「トリプルクリック」を行うことは無いと思いますが、素早く
　　 ダブルクリックを行った場合に、意図せずトリプルクリック扱いとなる
　　 可能性があります。　
　
上記の事象が発生した場合、パソコンの再起動をお願い致します。

＜続報＞【ポータルのメールボックスが開けない件】　添付資料あり
パソコンを再起動しなくても回復できそうな方法がありましたので、共有させていただきます。
同症状でお困りの際は、お試しいただけると幸いです。"
3,ポータル,ポータルのメールボックスが開けない,『パスワードの残り期間は24658日です』みたいな、人を馬鹿にしたメッセージと共に切断されます。私だけでしょうか・・・,"　【メールボックスのアクセスが上手くできない】
　連絡文書「Pｼｽ-74:Edge切り替え後に発生するポータルの不具合について」
　でご案内しておりますが、「トリプルクリック（※）」により以下の事象も
　発生する事が分かりました。

　　　・メール発信画面やポータル画面が消失する。
　　　・メール発信画面や受信画面が表示できない。
　　　・ビジネスキャビネット文書が表示できない。　など
　
　※ 意図的に「トリプルクリック」を行うことは無いと思いますが、素早く
　　 ダブルクリックを行った場合に、意図せずトリプルクリック扱いとなる
　　 可能性があります。　
　
上記の事象が発生した場合、パソコンの再起動をお願い致します。

＜続報＞【ポータルのメールボックスが開けない件】　添付資料あり
パソコンを再起動しなくても回復できそうな方法がありましたので、共有させていただきます。
同症状でお困りの際は、お試しいただけると幸いです。"
3,ポータル,ポータルのメールボックスが開けない,メールボックスの画面が表示されない,"　【メールボックスのアクセスが上手くできない】
　連絡文書「Pｼｽ-75:Edge切り替え後に発生するポータルの不具合について」
　でご案内しておりますが、「トリプルクリック（※）」により以下の事象も
　発生する事が分かりました。

　　　・メール発信画面やポータル画面が消失する。
　　　・メール発信画面や受信画面が表示できない。
　　　・ビジネスキャビネット文書が表示できない。　など
　
　※ 意図的に「トリプルクリック」を行うことは無いと思いますが、素早く
　　 ダブルクリックを行った場合に、意図せずトリプルクリック扱いとなる
　　 可能性があります。　
　
上記の事象が発生した場合、パソコンの再起動をお願い致します。

＜続報＞【ポータルのメールボックスが開けない件】　添付資料あり
パソコンを再起動しなくても回復できそうな方法がありましたので、共有させていただきます。
同症状でお困りの際は、お試しいただけると幸いです。"
3,ポータル,ポータルのメールボックスが開けない,ポータルのメールボックスに接続できない,"　【メールボックスのアクセスが上手くできない】
　連絡文書「Pｼｽ-76:Edge切り替え後に発生するポータルの不具合について」
　でご案内しておりますが、「トリプルクリック（※）」により以下の事象も
　発生する事が分かりました。

　　　・メール発信画面やポータル画面が消失する。
　　　・メール発信画面や受信画面が表示できない。
　　　・ビジネスキャビネット文書が表示できない。　など
　
　※ 意図的に「トリプルクリック」を行うことは無いと思いますが、素早く
　　 ダブルクリックを行った場合に、意図せずトリプルクリック扱いとなる
　　 可能性があります。　
　
上記の事象が発生した場合、パソコンの再起動をお願い致します。

＜続報＞【ポータルのメールボックスが開けない件】　添付資料あり
パソコンを再起動しなくても回復できそうな方法がありましたので、共有させていただきます。
同症状でお困りの際は、お試しいただけると幸いです。"
3,ポータル,ポータルのメールボックスが開けない,メール発信画面やポータル画面が消失する,"　【メールボックスのアクセスが上手くできない】
　連絡文書「Pｼｽ-77:Edge切り替え後に発生するポータルの不具合について」
　でご案内しておりますが、「トリプルクリック（※）」により以下の事象も
　発生する事が分かりました。

　　　・メール発信画面やポータル画面が消失する。
　　　・メール発信画面や受信画面が表示できない。
　　　・ビジネスキャビネット文書が表示できない。　など
　
　※ 意図的に「トリプルクリック」を行うことは無いと思いますが、素早く
　　 ダブルクリックを行った場合に、意図せずトリプルクリック扱いとなる
　　 可能性があります。　
　
上記の事象が発生した場合、パソコンの再起動をお願い致します。

＜続報＞【ポータルのメールボックスが開けない件】　添付資料あり
パソコンを再起動しなくても回復できそうな方法がありましたので、共有させていただきます。
同症状でお困りの際は、お試しいただけると幸いです。"
3,ポータル,ポータルのメールボックスが開けない,メール発信画面や受信画面が表示できない,"　【メールボックスのアクセスが上手くできない】
　連絡文書「Pｼｽ-78:Edge切り替え後に発生するポータルの不具合について」
　でご案内しておりますが、「トリプルクリック（※）」により以下の事象も
　発生する事が分かりました。

　　　・メール発信画面やポータル画面が消失する。
　　　・メール発信画面や受信画面が表示できない。
　　　・ビジネスキャビネット文書が表示できない。　など
　
　※ 意図的に「トリプルクリック」を行うことは無いと思いますが、素早く
　　 ダブルクリックを行った場合に、意図せずトリプルクリック扱いとなる
　　 可能性があります。　
　
上記の事象が発生した場合、パソコンの再起動をお願い致します。

＜続報＞【ポータルのメールボックスが開けない件】　添付資料あり
パソコンを再起動しなくても回復できそうな方法がありましたので、共有させていただきます。
同症状でお困りの際は、お試しいただけると幸いです。"
3,ポータル,ポータルのメールボックスが開けない,ビジネスキャビネット文書が表示できない,"　【メールボックスのアクセスが上手くできない】
　連絡文書「Pｼｽ-79:Edge切り替え後に発生するポータルの不具合について」
　でご案内しておりますが、「トリプルクリック（※）」により以下の事象も
　発生する事が分かりました。

　　　・メール発信画面やポータル画面が消失する。
　　　・メール発信画面や受信画面が表示できない。
　　　・ビジネスキャビネット文書が表示できない。　など
　
　※ 意図的に「トリプルクリック」を行うことは無いと思いますが、素早く
　　 ダブルクリックを行った場合に、意図せずトリプルクリック扱いとなる
　　 可能性があります。　
　
上記の事象が発生した場合、パソコンの再起動をお願い致します。

＜続報＞【ポータルのメールボックスが開けない件】　添付資料あり
パソコンを再起動しなくても回復できそうな方法がありましたので、共有させていただきます。
同症状でお困りの際は、お試しいただけると幸いです。"
3,ポータル,ポータルのメールボックスが開けない,ポータルからアクセスできない,"　【メールボックスのアクセスが上手くできない】
　連絡文書「Pｼｽ-80:Edge切り替え後に発生するポータルの不具合について」
　でご案内しておりますが、「トリプルクリック（※）」により以下の事象も
　発生する事が分かりました。

　　　・メール発信画面やポータル画面が消失する。
　　　・メール発信画面や受信画面が表示できない。
　　　・ビジネスキャビネット文書が表示できない。　など
　
　※ 意図的に「トリプルクリック」を行うことは無いと思いますが、素早く
　　 ダブルクリックを行った場合に、意図せずトリプルクリック扱いとなる
　　 可能性があります。　
　
上記の事象が発生した場合、パソコンの再起動をお願い致します。

＜続報＞【ポータルのメールボックスが開けない件】　添付資料あり
パソコンを再起動しなくても回復できそうな方法がありましたので、共有させていただきます。
同症状でお困りの際は、お試しいただけると幸いです。"
3,ポータル,ポータルのメールボックスが開けない,メール画面が表示されない,"　【メールボックスのアクセスが上手くできない】
　連絡文書「Pｼｽ-81:Edge切り替え後に発生するポータルの不具合について」
　でご案内しておりますが、「トリプルクリック（※）」により以下の事象も
　発生する事が分かりました。

　　　・メール発信画面やポータル画面が消失する。
　　　・メール発信画面や受信画面が表示できない。
　　　・ビジネスキャビネット文書が表示できない。　など
　
　※ 意図的に「トリプルクリック」を行うことは無いと思いますが、素早く
　　 ダブルクリックを行った場合に、意図せずトリプルクリック扱いとなる
　　 可能性があります。　
　
上記の事象が発生した場合、パソコンの再起動をお願い致します。

＜続報＞【ポータルのメールボックスが開けない件】　添付資料あり
パソコンを再起動しなくても回復できそうな方法がありましたので、共有させていただきます。
同症状でお困りの際は、お試しいただけると幸いです。"
4,ポータル,ポータルトップページのリンクが正常に開けない,"全社共通→ツール集→営業支援にある、HITプロモーションというページを開きたいのですが、エラーメッセージが出て開けません。
何か解決方法があれば教えていただきたいです。","【ポータルトップページのリンクが正常に開けない】
ポータルトップページの「トピックス」等のリンクが正常に開かない（IDとパスワード入力を求められる）場合
グループイントラニュースを開き、正常に表示されたら、再度アクセスすると開けるようになります。
（グループイントラニュースも何個か開いてみないと正常に表示されない場合があります。）"
4,ポータル,ポータルトップページのリンクが正常に開けない,ポータルトップページの「トピックス」等のリンクが正常に開かない問題について何か解決策はありますか？,"【ポータルトップページのリンクが正常に開けない】
ポータルトップページの「トピックス」等のリンクが正常に開かない（IDとパスワード入力を求められる）場合
グループイントラニュースを開き、正常に表示されたら、再度アクセスすると開けるようになります。
（グループイントラニュースも何個か開いてみないと正常に表示されない場合があります。）"
4,ポータル,ポータルトップページのリンクが正常に開けない,グループイントラニュースにアクセスできないのですが、どうしたらいいですか？,"【ポータルトップページのリンクが正常に開けない】
ポータルトップページの「トピックス」等のリンクが正常に開かない（IDとパスワード入力を求められる）場合
グループイントラニュースを開き、正常に表示されたら、再度アクセスすると開けるようになります。
（グループイントラニュースも何個か開いてみないと正常に表示されない場合があります。）"
4,ポータル,ポータルトップページのリンクが正常に開けない,ポータルトップページの各項目をクリックするとパスワードを求められるがうまく開かない,"【ポータルトップページのリンクが正常に開けない】
ポータルトップページの「トピックス」等のリンクが正常に開かない（IDとパスワード入力を求められる）場合
グループイントラニュースを開き、正常に表示されたら、再度アクセスすると開けるようになります。
（グループイントラニュースも何個か開いてみないと正常に表示されない場合があります。）"
4,ポータル,ポータルトップページのリンクが正常に開けない,全社共通のリンクをクリックしてもパスワード画面になり見れない,"【ポータルトップページのリンクが正常に開けない】
ポータルトップページの「トピックス」等のリンクが正常に開かない（IDとパスワード入力を求められる）場合
グループイントラニュースを開き、正常に表示されたら、再度アクセスすると開けるようになります。
（グループイントラニュースも何個か開いてみないと正常に表示されない場合があります。）"
4,ポータル,ポータルトップページのリンクが正常に開けない,ポータルのトップ画面の項目が見れません,"【ポータルトップページのリンクが正常に開けない】
ポータルトップページの「トピックス」等のリンクが正常に開かない（IDとパスワード入力を求められる）場合
グループイントラニュースを開き、正常に表示されたら、再度アクセスすると開けるようになります。
（グループイントラニュースも何個か開いてみないと正常に表示されない場合があります。）"
4,ポータル,ポータルトップページのリンクが正常に開けない,トップ画面の項目が表示されない問題について、何か解決策はありますか？,"【ポータルトップページのリンクが正常に開けない】
ポータルトップページの「トピックス」等のリンクが正常に開かない（IDとパスワード入力を求められる）場合
グループイントラニュースを開き、正常に表示されたら、再度アクセスすると開けるようになります。
（グループイントラニュースも何個か開いてみないと正常に表示されない場合があります。）"
4,ポータル,ポータルトップページのリンクが正常に開けない,項目が表示されないトップ画面の問題を解決する方法を教えてください。,"【ポータルトップページのリンクが正常に開けない】
ポータルトップページの「トピックス」等のリンクが正常に開かない（IDとパスワード入力を求められる）場合
グループイントラニュースを開き、正常に表示されたら、再度アクセスすると開けるようになります。
（グループイントラニュースも何個か開いてみないと正常に表示されない場合があります。）"
4,ポータル,ポータルトップページのリンクが正常に開けない,トップ画面の項目が見えないので、どうすればよいでしょうか？,"【ポータルトップページのリンクが正常に開けない】
ポータルトップページの「トピックス」等のリンクが正常に開かない（IDとパスワード入力を求められる）場合
グループイントラニュースを開き、正常に表示されたら、再度アクセスすると開けるようになります。
（グループイントラニュースも何個か開いてみないと正常に表示されない場合があります。）"
4,ポータル,ポータルトップページのリンクが正常に開けない,ポータルのトップ画面の項目が見えない場合、対処方法を教えてください。,"【ポータルトップページのリンクが正常に開けない】
ポータルトップページの「トピックス」等のリンクが正常に開かない（IDとパスワード入力を求められる）場合
グループイントラニュースを開き、正常に表示されたら、再度アクセスすると開けるようになります。
（グループイントラニュースも何個か開いてみないと正常に表示されない場合があります。）"
5,メール送信,動画ファイルを送る方法,容量が大きいファイルや動画を送る方法はありますか？,"【容量が重いファイルを送る方法】
菅野さんか福中さんにファイルを共有して頂ければ、BOXというファイル共有サービスにファイルをアップロードし、DL用URLをご返信いたします"
5,メール送信,動画ファイルを送る方法,社外の方へ動画ファイルを送りたいのですが、サイズが大きくそのままでは送れません。圧縮するソフトや使用してよいファイル共有サイトなどあれば教えていただきたいです。,"【容量が重いファイルを送る方法】
菅野さんか福中さんにファイルを共有して頂ければ、BOXというファイル共有サービスにファイルをアップロードし、DL用URLをご返信いたします"
5,メール送信,動画ファイルを送る方法,"2G以上の動画ファイルを送る方法ってありますか？
また、圧縮ファイルで使えるモノってありますか？","【容量が重いファイルを送る方法】
菅野さんか福中さんにファイルを共有して頂ければ、BOXというファイル共有サービスにファイルをアップロードし、DL用URLをご返信いたします"
5,メール送信,動画ファイルを送る方法,"動画をパソコンのメールに添付して送ろうとしたら、ファイルが大きすぎるというエラーが出ました。
重い動画ファイルを送る方法を教えて下さい。","【容量が重いファイルを送る方法】
菅野さんか福中さんにファイルを共有して頂ければ、BOXというファイル共有サービスにファイルをアップロードし、DL用URLをご返信いたします"
5,メール送信,動画ファイルを送る方法,簡単に動画ファイルを送る方法はありますかメールでできると簡単なんですが.... 復元するのがめんどくさそうなので、分割するのは避けたいです。,"【容量が重いファイルを送る方法】
菅野さんか福中さんにファイルを共有して頂ければ、BOXというファイル共有サービスにファイルをアップロードし、DL用URLをご返信いたします"
5,メール送信,動画ファイルを送る方法,動画付きの資料を送る方法,"【容量が重いファイルを送る方法】
菅野さんか福中さんにファイルを共有して頂ければ、BOXというファイル共有サービスにファイルをアップロードし、DL用URLをご返信いたします"
5,メール送信,動画ファイルを送る方法,容量が大きい資料を外部の人と共有する方法はありますか,"【容量が重いファイルを送る方法】
菅野さんか福中さんにファイルを共有して頂ければ、BOXというファイル共有サービスにファイルをアップロードし、DL用URLをご返信いたします"
5,メール送信,動画ファイルを送る方法,写真が多く容量が重いファイルを共有するにはどうしたらよいでしょうか,"【容量が重いファイルを送る方法】
菅野さんか福中さんにファイルを共有して頂ければ、BOXというファイル共有サービスにファイルをアップロードし、DL用URLをご返信いたします"
5,メール送信,動画ファイルを送る方法,メールでは添付資料が送れません。どうしたらよいでしょうか。,"【容量が重いファイルを送る方法】
菅野さんか福中さんにファイルを共有して頂ければ、BOXというファイル共有サービスにファイルをアップロードし、DL用URLをご返信いたします"
5,メール送信,動画ファイルを送る方法,Zipに圧縮したのですが、ファイルサイズが殆ど変わりませんでした。どうしたらよいでしょうか,"【容量が重いファイルを送る方法】
菅野さんか福中さんにファイルを共有して頂ければ、BOXというファイル共有サービスにファイルをアップロードし、DL用URLをご返信いたします"
6,設定,会社支給ipad、iphoneにslackを設定する方法,"現在iPhoneでSlackというアプリを使っていて、iPadでアカウントを同期したいと思い、やり方を調べてみたのですが見つかりませんでした。
１つのアカウントを複数端末で同期はできないのでしょうか？
もしできるとしたらそのやり方を教えていただきたいです。","【会社支給ipad、iphoneにslackを設定する方法】
wifi環境や各種設定が必要なため、企画運営部(研究所1F)にて作業いたします。
iosのバージョンによって数時間かかるため、お時間に余裕のある時に作業させていただければと思います。
ざっくりとした手順は以下の通りとなります。
　①iosのバージョンを15以上にアップデート（要wifi環境）※ios16は202209時点では導入不可
　②Slack、Citrix等必要なアプリを入れ直し&バージョンアップ
　（ケータイポータルの入れ直しはHBPに登録して頂く必要があるため、iphoneはさらにお時間がかかります）
　③Salckをメールアドレス＆パスワードでログイン
　　★以降ご本人による操作が必要です。所要時間15分くらいです
　④ご自身の会社のメールアドレスに届くSlackのログイン認証メールをiphone、ipadのメールアドレスに転送
　⑤iphone、ipadのメールからSlackログイン処理"
6,設定,会社支給ipad、iphoneにslackを設定する方法,会社支給ipad、iphoneにslackを設定する方法を教えてください。,"【会社支給ipad、iphoneにslackを設定する方法】
wifi環境や各種設定が必要なため、企画運営部(研究所1F)にて作業いたします。
iosのバージョンによって数時間かかるため、お時間に余裕のある時に作業させていただければと思います。
ざっくりとした手順は以下の通りとなります。
　①iosのバージョンを15以上にアップデート（要wifi環境）※ios16は202209時点では導入不可
　②Slack、Citrix等必要なアプリを入れ直し&バージョンアップ
　（ケータイポータルの入れ直しはHBPに登録して頂く必要があるため、iphoneはさらにお時間がかかります）
　③Salckをメールアドレス＆パスワードでログイン
　　★以降ご本人による操作が必要です。所要時間16分くらいです
　④ご自身の会社のメールアドレスに届くSlackのログイン認証メールをiphone、ipadのメールアドレスに転送
　⑤iphone、ipadのメールからSlackログイン処理"
6,設定,会社支給ipad、iphoneにslackを設定する方法,アイパットやアイフォンにスラックを設定するやり方をご教授いただければ幸いです。,"【会社支給ipad、iphoneにslackを設定する方法】
wifi環境や各種設定が必要なため、企画運営部(研究所1F)にて作業いたします。
iosのバージョンによって数時間かかるため、お時間に余裕のある時に作業させていただければと思います。
ざっくりとした手順は以下の通りとなります。
　①iosのバージョンを15以上にアップデート（要wifi環境）※ios16は202209時点では導入不可
　②Slack、Citrix等必要なアプリを入れ直し&バージョンアップ
　（ケータイポータルの入れ直しはHBPに登録して頂く必要があるため、iphoneはさらにお時間がかかります）
　③Salckをメールアドレス＆パスワードでログイン
　　★以降ご本人による操作が必要です。所要時間17分くらいです
　④ご自身の会社のメールアドレスに届くSlackのログイン認証メールをiphone、ipadのメールアドレスに転送
　⑤iphone、ipadのメールからSlackログイン処理"
6,設定,会社支給ipad、iphoneにslackを設定する方法,スマホにslackをダウンロードする方法を教えていただけないでしょうか。,"【会社支給ipad、iphoneにslackを設定する方法】
wifi環境や各種設定が必要なため、企画運営部(研究所1F)にて作業いたします。
iosのバージョンによって数時間かかるため、お時間に余裕のある時に作業させていただければと思います。
ざっくりとした手順は以下の通りとなります。
　①iosのバージョンを15以上にアップデート（要wifi環境）※ios16は202209時点では導入不可
　②Slack、Citrix等必要なアプリを入れ直し&バージョンアップ
　（ケータイポータルの入れ直しはHBPに登録して頂く必要があるため、iphoneはさらにお時間がかかります）
　③Salckをメールアドレス＆パスワードでログイン
　　★以降ご本人による操作が必要です。所要時間18分くらいです
　④ご自身の会社のメールアドレスに届くSlackのログイン認証メールをiphone、ipadのメールアドレスに転送
　⑤iphone、ipadのメールからSlackログイン処理"
6,設定,会社支給ipad、iphoneにslackを設定する方法,社内携帯でもslackが見れるようにしたいのですが、設定方法がわかりません。どうしたらいいでしょうか？,"【会社支給ipad、iphoneにslackを設定する方法】
wifi環境や各種設定が必要なため、企画運営部(研究所1F)にて作業いたします。
iosのバージョンによって数時間かかるため、お時間に余裕のある時に作業させていただければと思います。
ざっくりとした手順は以下の通りとなります。
　①iosのバージョンを15以上にアップデート（要wifi環境）※ios16は202209時点では導入不可
　②Slack、Citrix等必要なアプリを入れ直し&バージョンアップ
　（ケータイポータルの入れ直しはHBPに登録して頂く必要があるため、iphoneはさらにお時間がかかります）
　③Salckをメールアドレス＆パスワードでログイン
　　★以降ご本人による操作が必要です。所要時間19分くらいです
　④ご自身の会社のメールアドレスに届くSlackのログイン認証メールをiphone、ipadのメールアドレスに転送
　⑤iphone、ipadのメールからSlackログイン処理"
6,設定,会社支給ipad、iphoneにslackを設定する方法,タブレットでもスラックを同期させて使用できるようにしたいのですが、やり方はわかりません。手順を教えていただけないでしょうか。,"【会社支給ipad、iphoneにslackを設定する方法】
wifi環境や各種設定が必要なため、企画運営部(研究所1F)にて作業いたします。
iosのバージョンによって数時間かかるため、お時間に余裕のある時に作業させていただければと思います。
ざっくりとした手順は以下の通りとなります。
　①iosのバージョンを15以上にアップデート（要wifi環境）※ios16は202209時点では導入不可
　②Slack、Citrix等必要なアプリを入れ直し&バージョンアップ
　（ケータイポータルの入れ直しはHBPに登録して頂く必要があるため、iphoneはさらにお時間がかかります）
　③Salckをメールアドレス＆パスワードでログイン
　　★以降ご本人による操作が必要です。所要時間20分くらいです
　④ご自身の会社のメールアドレスに届くSlackのログイン認証メールをiphone、ipadのメールアドレスに転送
　⑤iphone、ipadのメールからSlackログイン処理"
6,設定,会社支給ipad、iphoneにslackを設定する方法,ipadにSlackをインストールさせて同期したいのですが、どうしたらいいでしょうか？,"【会社支給ipad、iphoneにslackを設定する方法】
wifi環境や各種設定が必要なため、企画運営部(研究所1F)にて作業いたします。
iosのバージョンによって数時間かかるため、お時間に余裕のある時に作業させていただければと思います。
ざっくりとした手順は以下の通りとなります。
　①iosのバージョンを15以上にアップデート（要wifi環境）※ios16は202209時点では導入不可
　②Slack、Citrix等必要なアプリを入れ直し&バージョンアップ
　（ケータイポータルの入れ直しはHBPに登録して頂く必要があるため、iphoneはさらにお時間がかかります）
　③Salckをメールアドレス＆パスワードでログイン
　　★以降ご本人による操作が必要です。所要時間21分くらいです
　④ご自身の会社のメールアドレスに届くSlackのログイン認証メールをiphone、ipadのメールアドレスに転送
　⑤iphone、ipadのメールからSlackログイン処理"
6,設定,会社支給ipad、iphoneにslackを設定する方法,最近、iphoneに変更したのですが、slackは使用できないでしょうか？,"【会社支給ipad、iphoneにslackを設定する方法】
wifi環境や各種設定が必要なため、企画運営部(研究所1F)にて作業いたします。
iosのバージョンによって数時間かかるため、お時間に余裕のある時に作業させていただければと思います。
ざっくりとした手順は以下の通りとなります。
　①iosのバージョンを15以上にアップデート（要wifi環境）※ios16は202209時点では導入不可
　②Slack、Citrix等必要なアプリを入れ直し&バージョンアップ
　（ケータイポータルの入れ直しはHBPに登録して頂く必要があるため、iphoneはさらにお時間がかかります）
　③Salckをメールアドレス＆パスワードでログイン
　　★以降ご本人による操作が必要です。所要時間22分くらいです
　④ご自身の会社のメールアドレスに届くSlackのログイン認証メールをiphone、ipadのメールアドレスに転送
　⑤iphone、ipadのメールからSlackログイン処理"
6,設定,会社支給ipad、iphoneにslackを設定する方法,slackをスマホからも見れるようにしたいのですが、何か方法はありますでしょうか。,"【会社支給ipad、iphoneにslackを設定する方法】
wifi環境や各種設定が必要なため、企画運営部(研究所1F)にて作業いたします。
iosのバージョンによって数時間かかるため、お時間に余裕のある時に作業させていただければと思います。
ざっくりとした手順は以下の通りとなります。
　①iosのバージョンを15以上にアップデート（要wifi環境）※ios16は202209時点では導入不可
　②Slack、Citrix等必要なアプリを入れ直し&バージョンアップ
　（ケータイポータルの入れ直しはHBPに登録して頂く必要があるため、iphoneはさらにお時間がかかります）
　③Salckをメールアドレス＆パスワードでログイン
　　★以降ご本人による操作が必要です。所要時間23分くらいです
　④ご自身の会社のメールアドレスに届くSlackのログイン認証メールをiphone、ipadのメールアドレスに転送
　⑤iphone、ipadのメールからSlackログイン処理"
6,設定,会社支給ipad、iphoneにslackを設定する方法,スラックをipadでも扱えるようにしたい場合、どのような手順を踏めばよいでしょうか？,"【会社支給ipad、iphoneにslackを設定する方法】
wifi環境や各種設定が必要なため、企画運営部(研究所1F)にて作業いたします。
iosのバージョンによって数時間かかるため、お時間に余裕のある時に作業させていただければと思います。
ざっくりとした手順は以下の通りとなります。
　①iosのバージョンを15以上にアップデート（要wifi環境）※ios16は202209時点では導入不可
　②Slack、Citrix等必要なアプリを入れ直し&バージョンアップ
　（ケータイポータルの入れ直しはHBPに登録して頂く必要があるため、iphoneはさらにお時間がかかります）
　③Salckをメールアドレス＆パスワードでログイン
　　★以降ご本人による操作が必要です。所要時間24分くらいです
　④ご自身の会社のメールアドレスに届くSlackのログイン認証メールをiphone、ipadのメールアドレスに転送
　⑤iphone、ipadのメールからSlackログイン処理"
7,設定,AcrobatReaderの回転機能について,pdf資料を回転させたいのですが、どうしたらよいでしょうか？,"【AcrobatReaderの回転機能について】
対象：Acrobat Reader 64bit版をお使いのみなさま（2022年8月導入の新しいPCをお使いのみなさま）
PDFを表示させたときに回転機能がそのままだと使えません。
こちらのファイルをご参照いただき、ボタンを追加してください。"
7,設定,AcrobatReaderの回転機能について,PDF資料を回転させる方法を教えてください,"【AcrobatReaderの回転機能について】
対象：Acrobat Reader 64bit版をお使いのみなさま（2022年9月導入の新しいPCをお使いのみなさま）
PDFを表示させたときに回転機能がそのままだと使えません。
こちらのファイルをご参照いただき、ボタンを追加してください。"
7,設定,AcrobatReaderの回転機能について,PDFにした資料を反転させたいができません。アドバイスをいただけますか？,"【AcrobatReaderの回転機能について】
対象：Acrobat Reader 64bit版をお使いのみなさま（2022年10月導入の新しいPCをお使いのみなさま）
PDFを表示させたときに回転機能がそのままだと使えません。
こちらのファイルをご参照いただき、ボタンを追加してください。"
7,設定,AcrobatReaderの回転機能について,pdfを右に回転させる方法について教えてください。,"【AcrobatReaderの回転機能について】
対象：Acrobat Reader 64bit版をお使いのみなさま（2022年11月導入の新しいPCをお使いのみなさま）
PDFを表示させたときに回転機能がそのままだと使えません。
こちらのファイルをご参照いただき、ボタンを追加してください。"
7,設定,AcrobatReaderの回転機能について,pdfを左に動かしたいのですが、どしたらいいですか？,"【AcrobatReaderの回転機能について】
対象：Acrobat Reader 64bit版をお使いのみなさま（2022年12月導入の新しいPCをお使いのみなさま）
PDFを表示させたときに回転機能がそのままだと使えません。
こちらのファイルをご参照いただき、ボタンを追加してください。"
7,設定,AcrobatReaderの回転機能について,PDF資料を右に動かしたいのですが、やり方を教えていただけないでしょうか？,"【AcrobatReaderの回転機能について】
対象：Acrobat Reader 64bit版をお使いのみなさま（2022年13月導入の新しいPCをお使いのみなさま）
PDFを表示させたときに回転機能がそのままだと使えません。
こちらのファイルをご参照いただき、ボタンを追加してください。"
7,設定,AcrobatReaderの回転機能について,PDF資料を左に回すのに必要な手続きを教えてください。,"【AcrobatReaderの回転機能について】
対象：Acrobat Reader 64bit版をお使いのみなさま（2022年14月導入の新しいPCをお使いのみなさま）
PDFを表示させたときに回転機能がそのままだと使えません。
こちらのファイルをご参照いただき、ボタンを追加してください。"
7,設定,AcrobatReaderの回転機能について,PDFファイルを回転させたいのですが、どのような手順が必要ですか？,"【AcrobatReaderの回転機能について】
対象：Acrobat Reader 64bit版をお使いのみなさま（2022年15月導入の新しいPCをお使いのみなさま）
PDFを表示させたときに回転機能がそのままだと使えません。
こちらのファイルをご参照いただき、ボタンを追加してください。"
7,設定,AcrobatReaderの回転機能について,PDF資料を回転させる方法を調べています。教えていただけますか？,"【AcrobatReaderの回転機能について】
対象：Acrobat Reader 64bit版をお使いのみなさま（2022年16月導入の新しいPCをお使いのみなさま）
PDFを表示させたときに回転機能がそのままだと使えません。
こちらのファイルをご参照いただき、ボタンを追加してください。"
7,設定,AcrobatReaderの回転機能について,PDF資料を回転させたいのですが、具体的な手順を知りたいです。,"【AcrobatReaderの回転機能について】
対象：Acrobat Reader 64bit版をお使いのみなさま（2022年17月導入の新しいPCをお使いのみなさま）
PDFを表示させたときに回転機能がそのままだと使えません。
こちらのファイルをご参照いただき、ボタンを追加してください。"
8,設定,UC Client再設定,IMがつながらないのですが、どうすればいいですか？,"【UC Client再設定】
　＜UC Client サインイン情報＞　ID、パスワードはPCログイン時のID、パスワードになります。
また、Windows Updateを実行して、再起動要求がきたまま再起動しないとUC Clientが切断状態のままに
なる恐れがあります。再起動し、サインインしなおすと問題なく使用できるかと思われます。"
8,設定,UC Client再設定,IMが上手く接続できないのですが、対処法を教えてください。,"【UC Client再設定】
　＜UC Client サインイン情報＞　ID、パスワードはPCログイン時のID、パスワードになります。
また、Windows Updateを実行して、再起動要求がきたまま再起動しないとUC Clientが切断状態のままに
なる恐れがあります。再起動し、サインインしなおすと問題なく使用できるかと思われます。"
8,設定,UC Client再設定,IMがうまく接続されないので、どうすればいいのか教えてほしいです。,"【UC Client再設定】
　＜UC Client サインイン情報＞　ID、パスワードはPCログイン時のID、パスワードになります。
また、Windows Updateを実行して、再起動要求がきたまま再起動しないとUC Clientが切断状態のままに
なる恐れがあります。再起動し、サインインしなおすと問題なく使用できるかと思われます。"
8,設定,UC Client再設定,テレワーク中、IMがうまく使用できません。どうすれば改善できますか？,"【UC Client再設定】
　＜UC Client サインイン情報＞　ID、パスワードはPCログイン時のID、パスワードになります。
また、Windows Updateを実行して、再起動要求がきたまま再起動しないとUC Clientが切断状態のままに
なる恐れがあります。再起動し、サインインしなおすと問題なく使用できるかと思われます。"
8,設定,UC Client再設定,在宅中、インスタントメッセージが利用できません。解決策を教えてください。,"【UC Client再設定】
　＜UC Client サインイン情報＞　ID、パスワードはPCログイン時のID、パスワードになります。
また、Windows Updateを実行して、再起動要求がきたまま再起動しないとUC Clientが切断状態のままに
なる恐れがあります。再起動し、サインインしなおすと問題なく使用できるかと思われます。"
8,設定,UC Client再設定,IMがつながらなくて困っています。どうにかして解決したいのですが、アドバイスをいただけますか？,"【UC Client再設定】
　＜UC Client サインイン情報＞　ID、パスワードはPCログイン時のID、パスワードになります。
また、Windows Updateを実行して、再起動要求がきたまま再起動しないとUC Clientが切断状態のままに
なる恐れがあります。再起動し、サインインしなおすと問題なく使用できるかと思われます。"
8,設定,UC Client再設定,IMの接続が不安定で困っています。対処方法を教えてください。,"【UC Client再設定】
　＜UC Client サインイン情報＞　ID、パスワードはPCログイン時のID、パスワードになります。
また、Windows Updateを実行して、再起動要求がきたまま再起動しないとUC Clientが切断状態のままに
なる恐れがあります。再起動し、サインインしなおすと問題なく使用できるかと思われます。"
8,設定,UC Client再設定,IMの接続が上手くいかないので、何か対処方法を教えてください。,"【UC Client再設定】
　＜UC Client サインイン情報＞　ID、パスワードはPCログイン時のID、パスワードになります。
また、Windows Updateを実行して、再起動要求がきたまま再起動しないとUC Clientが切断状態のままに
なる恐れがあります。再起動し、サインインしなおすと問題なく使用できるかと思われます。"
8,設定,UC Client再設定,imがうまくつながらないので、どうすれば改善できますか？,"【UC Client再設定】
　＜UC Client サインイン情報＞　ID、パスワードはPCログイン時のID、パスワードになります。
また、Windows Updateを実行して、再起動要求がきたまま再起動しないとUC Clientが切断状態のままに
なる恐れがあります。再起動し、サインインしなおすと問題なく使用できるかと思われます。"
8,設定,UC Client再設定,IMがうまくつながらないのですが、何かアドバイスはありますか？,"【UC Client再設定】
　＜UC Client サインイン情報＞　ID、パスワードはPCログイン時のID、パスワードになります。
また、Windows Updateを実行して、再起動要求がきたまま再起動しないとUC Clientが切断状態のままに
なる恐れがあります。再起動し、サインインしなおすと問題なく使用できるかと思われます。"
9,設定,ダイレクトFAX設定方法,ダイレクトFAX設定方法,"【ダイレクトFAX設定方法】
添付ファイルをダウンロードしてご参照ください。"
9,設定,ダイレクトFAX設定方法,FAXを直接送信する方法を教えてください。,"【ダイレクトFAX設定方法】
添付ファイルをダウンロードしてご参照ください。"
9,設定,ダイレクトFAX設定方法,ダイレクトFAXの設定手順を教えてください。,"【ダイレクトFAX設定方法】
添付ファイルをダウンロードしてご参照ください。"
9,設定,ダイレクトFAX設定方法,FAX送信をダイレクトに設定する方法は何ですか？,"【ダイレクトFAX設定方法】
添付ファイルをダウンロードしてご参照ください。"
9,設定,ダイレクトFAX設定方法,直接FAX送信の設定方法を教えてください。,"【ダイレクトFAX設定方法】
添付ファイルをダウンロードしてご参照ください。"
9,設定,ダイレクトFAX設定方法,ダイレクトFAX送信を設定する方法を教えてください。,"【ダイレクトFAX設定方法】
添付ファイルをダウンロードしてご参照ください。"
9,設定,ダイレクトFAX設定方法,FAXの直接送信設定方法はありますか？,"【ダイレクトFAX設定方法】
添付ファイルをダウンロードしてご参照ください。"
9,設定,ダイレクトFAX設定方法,ダイレクトFAX送信の手順を教えてください。,"【ダイレクトFAX設定方法】
添付ファイルをダウンロードしてご参照ください。"
9,設定,ダイレクトFAX設定方法,FAX送信を直接設定する方法はどうすればよいですか？,"【ダイレクトFAX設定方法】
添付ファイルをダウンロードしてご参照ください。"
9,設定,ダイレクトFAX設定方法,直接FAX送信の設定手順を教えてください。,"【ダイレクトFAX設定方法】
添付ファイルをダウンロードしてご参照ください。"
10,設定,iphoneへの機種変更について,iphoneへ機種変更するにはどうすればいいですか？,"【iphoneへの機種変更について】
①ランニングコストを含めて10万以上かかるため、部次長に変更許可をいただいてください。
　　（役職に関わらず業務上必要と判断される方が対象となります）
②以下の内容を担当者までお知らせください。（メールでもSlackのダイレクトメッセージでも大丈夫です！）
　　　・お使いのガラケーの管理番号（裏のシールにある『FP-XXXX』のような番号）
　　　・お使いのガラケーの外線番号
　　　・ご利用者様のお名前、社員番号"
10,設定,iphoneへの機種変更について,スマホへ変更する方法はどのようにすれば良いでしょうか？,"【iphoneへの機種変更について】
①ランニングコストを含めて11万以上かかるため、部次長に変更許可をいただいてください。
　　（役職に関わらず業務上必要と判断される方が対象となります）
②以下の内容を担当者までお知らせください。（メールでもSlackのダイレクトメッセージでも大丈夫です！）
　　　・お使いのガラケーの管理番号（裏のシールにある『FP-XXXX』のような番号）
　　　・お使いのガラケーの外線番号
　　　・ご利用者様のお名前、社員番号"
10,設定,iphoneへの機種変更について,アイフォンの機種を変更するにはどうしたらいいですか？,"【iphoneへの機種変更について】
①ランニングコストを含めて12万以上かかるため、部次長に変更許可をいただいてください。
　　（役職に関わらず業務上必要と判断される方が対象となります）
②以下の内容を担当者までお知らせください。（メールでもSlackのダイレクトメッセージでも大丈夫です！）
　　　・お使いのガラケーの管理番号（裏のシールにある『FP-XXXX』のような番号）
　　　・お使いのガラケーの外線番号
　　　・ご利用者様のお名前、社員番号"
10,設定,iphoneへの機種変更について,新しいiPhoneに機種変更する方法を教えてください。,"【iphoneへの機種変更について】
①ランニングコストを含めて13万以上かかるため、部次長に変更許可をいただいてください。
　　（役職に関わらず業務上必要と判断される方が対象となります）
②以下の内容を担当者までお知らせください。（メールでもSlackのダイレクトメッセージでも大丈夫です！）
　　　・お使いのガラケーの管理番号（裏のシールにある『FP-XXXX』のような番号）
　　　・お使いのガラケーの外線番号
　　　・ご利用者様のお名前、社員番号"
10,設定,iphoneへの機種変更について,iPhoneの機種変更手順を教えてください。,"【iphoneへの機種変更について】
①ランニングコストを含めて14万以上かかるため、部次長に変更許可をいただいてください。
　　（役職に関わらず業務上必要と判断される方が対象となります）
②以下の内容を担当者までお知らせください。（メールでもSlackのダイレクトメッセージでも大丈夫です！）
　　　・お使いのガラケーの管理番号（裏のシールにある『FP-XXXX』のような番号）
　　　・お使いのガラケーの外線番号
　　　・ご利用者様のお名前、社員番号"
10,設定,iphoneへの機種変更について,iPhoneを新しいモデルに変える方法は何ですか？,"【iphoneへの機種変更について】
①ランニングコストを含めて15万以上かかるため、部次長に変更許可をいただいてください。
　　（役職に関わらず業務上必要と判断される方が対象となります）
②以下の内容を担当者までお知らせください。（メールでもSlackのダイレクトメッセージでも大丈夫です！）
　　　・お使いのガラケーの管理番号（裏のシールにある『FP-XXXX』のような番号）
　　　・お使いのガラケーの外線番号
　　　・ご利用者様のお名前、社員番号"
10,設定,iphoneへの機種変更について,機種変更時にiPhoneデータを移行する方法を教えてください。,"【iphoneへの機種変更について】
①ランニングコストを含めて16万以上かかるため、部次長に変更許可をいただいてください。
　　（役職に関わらず業務上必要と判断される方が対象となります）
②以下の内容を担当者までお知らせください。（メールでもSlackのダイレクトメッセージでも大丈夫です！）
　　　・お使いのガラケーの管理番号（裏のシールにある『FP-XXXX』のような番号）
　　　・お使いのガラケーの外線番号
　　　・ご利用者様のお名前、社員番号"
10,設定,iphoneへの機種変更について,iPhoneのモデルを変更するにはどうすればよいですか？,"【iphoneへの機種変更について】
①ランニングコストを含めて17万以上かかるため、部次長に変更許可をいただいてください。
　　（役職に関わらず業務上必要と判断される方が対象となります）
②以下の内容を担当者までお知らせください。（メールでもSlackのダイレクトメッセージでも大丈夫です！）
　　　・お使いのガラケーの管理番号（裏のシールにある『FP-XXXX』のような番号）
　　　・お使いのガラケーの外線番号
　　　・ご利用者様のお名前、社員番号"
10,設定,iphoneへの機種変更について,新しいiPhoneに移行する方法を教えてください。,"【iphoneへの機種変更について】
①ランニングコストを含めて18万以上かかるため、部次長に変更許可をいただいてください。
　　（役職に関わらず業務上必要と判断される方が対象となります）
②以下の内容を担当者までお知らせください。（メールでもSlackのダイレクトメッセージでも大丈夫です！）
　　　・お使いのガラケーの管理番号（裏のシールにある『FP-XXXX』のような番号）
　　　・お使いのガラケーの外線番号
　　　・ご利用者様のお名前、社員番号"
10,設定,iphoneへの機種変更について,iPhoneの機種変更をするために必要な手順を教えてください。,"【iphoneへの機種変更について】
①ランニングコストを含めて19万以上かかるため、部次長に変更許可をいただいてください。
　　（役職に関わらず業務上必要と判断される方が対象となります）
②以下の内容を担当者までお知らせください。（メールでもSlackのダイレクトメッセージでも大丈夫です！）
　　　・お使いのガラケーの管理番号（裏のシールにある『FP-XXXX』のような番号）
　　　・お使いのガラケーの外線番号
　　　・ご利用者様のお名前、社員番号"
11,設定,メール添付のファイルを開くとエラーメッセージが出る（けど開ける）場合の対応,メール添付のファイルを開くとエラーメッセージが出る（けど開ける）ます。どのように対応したらよいでしょうか？,"【メール添付のファイルを開くとエラーメッセージが出る（けど開ける）場合の対応】
メール添付のファイルを開く際にエラーが発生し、「OK」を押すと普通に開ける場合、ファイルやエクセル等のアプリ側ではなく、Edgeの不具合の可能性が高いそうです。
対応方法としては、Edgeの再インストールをお願いいたします。
Edgeの再インストール方法は　↓こちら↓　ご参照ください。
https://housefoodsgroup.slack.com/archives/C03PDP5ALSH/p1660722332295509?thread_ts=1660621755.407889&cid=C03PDP5ALSH
再インストールでも直らない場合、お手数でございますが、再度ご連絡を頂戴できればと思います。"
11,設定,メール添付のファイルを開くとエラーメッセージが出る（けど開ける）場合の対応,メール添付のファイルを開こうとすると、エラーメッセージが出ますが、どう対処すれば良いでしょうか？,"【メール添付のファイルを開くとエラーメッセージが出る（けど開ける）場合の対応】
メール添付のファイルを開く際にエラーが発生し、「OK」を押すと普通に開ける場合、ファイルやエクセル等のアプリ側ではなく、Edgeの不具合の可能性が高いそうです。
対応方法としては、Edgeの再インストールをお願いいたします。
Edgeの再インストール方法は　↓こちら↓　ご参照ください。
https://housefoodsgroup.slack.com/archives/C03PDP5ALSH/p1660722332295509?thread_ts=1660621755.407889&cid=C03PDP6ALSH
再インストールでも直らない場合、お手数でございますが、再度ご連絡を頂戴できればと思います。"
11,設定,メール添付のファイルを開くとエラーメッセージが出る（けど開ける）場合の対応,ファイルを開く際にエラーメッセージが表示されるのですが、どうすれば開けるようになるでしょうか？,"【メール添付のファイルを開くとエラーメッセージが出る（けど開ける）場合の対応】
メール添付のファイルを開く際にエラーが発生し、「OK」を押すと普通に開ける場合、ファイルやエクセル等のアプリ側ではなく、Edgeの不具合の可能性が高いそうです。
対応方法としては、Edgeの再インストールをお願いいたします。
Edgeの再インストール方法は　↓こちら↓　ご参照ください。
https://housefoodsgroup.slack.com/archives/C03PDP5ALSH/p1660722332295509?thread_ts=1660621755.407889&cid=C03PDP7ALSH
再インストールでも直らない場合、お手数でございますが、再度ご連絡を頂戴できればと思います。"
11,設定,メール添付のファイルを開くとエラーメッセージが出る（けど開ける）場合の対応,メールで受け取った添付ファイルを開こうとするとエラーが出るのですが、どうしたら開けるようになりますか？,"【メール添付のファイルを開くとエラーメッセージが出る（けど開ける）場合の対応】
メール添付のファイルを開く際にエラーが発生し、「OK」を押すと普通に開ける場合、ファイルやエクセル等のアプリ側ではなく、Edgeの不具合の可能性が高いそうです。
対応方法としては、Edgeの再インストールをお願いいたします。
Edgeの再インストール方法は　↓こちら↓　ご参照ください。
https://housefoodsgroup.slack.com/archives/C03PDP5ALSH/p1660722332295509?thread_ts=1660621755.407889&cid=C03PDP8ALSH
再インストールでも直らない場合、お手数でございますが、再度ご連絡を頂戴できればと思います。"
11,設定,メール添付のファイルを開くとエラーメッセージが出る（けど開ける）場合の対応,ファイルを開こうとするとエラーが表示され、開けない場合があります。この問題を解決する方法を教えてください。,"【メール添付のファイルを開くとエラーメッセージが出る（けど開ける）場合の対応】
メール添付のファイルを開く際にエラーが発生し、「OK」を押すと普通に開ける場合、ファイルやエクセル等のアプリ側ではなく、Edgeの不具合の可能性が高いそうです。
対応方法としては、Edgeの再インストールをお願いいたします。
Edgeの再インストール方法は　↓こちら↓　ご参照ください。
https://housefoodsgroup.slack.com/archives/C03PDP5ALSH/p1660722332295509?thread_ts=1660621755.407889&cid=C03PDP9ALSH
再インストールでも直らない場合、お手数でございますが、再度ご連絡を頂戴できればと思います。"
11,設定,メール添付のファイルを開くとエラーメッセージが出る（けど開ける）場合の対応,メール添付のファイルを開くとエラーメッセージが表示されますが、問題なく開ける方法はありますか？,"【メール添付のファイルを開くとエラーメッセージが出る（けど開ける）場合の対応】
メール添付のファイルを開く際にエラーが発生し、「OK」を押すと普通に開ける場合、ファイルやエクセル等のアプリ側ではなく、Edgeの不具合の可能性が高いそうです。
対応方法としては、Edgeの再インストールをお願いいたします。
Edgeの再インストール方法は　↓こちら↓　ご参照ください。
https://housefoodsgroup.slack.com/archives/C03PDP5ALSH/p1660722332295509?thread_ts=1660621755.407889&cid=C03PDP10ALSH
再インストールでも直らない場合、お手数でございますが、再度ご連絡を頂戴できればと思います。"
11,設定,メール添付のファイルを開くとエラーメッセージが出る（けど開ける）場合の対応,ファイルを開くとエラーメッセージが表示されますが、どうしたら正常に開けるようになりますか？,"【メール添付のファイルを開くとエラーメッセージが出る（けど開ける）場合の対応】
メール添付のファイルを開く際にエラーが発生し、「OK」を押すと普通に開ける場合、ファイルやエクセル等のアプリ側ではなく、Edgeの不具合の可能性が高いそうです。
対応方法としては、Edgeの再インストールをお願いいたします。
Edgeの再インストール方法は　↓こちら↓　ご参照ください。
https://housefoodsgroup.slack.com/archives/C03PDP5ALSH/p1660722332295509?thread_ts=1660621755.407889&cid=C03PDP11ALSH
再インストールでも直らない場合、お手数でございますが、再度ご連絡を頂戴できればと思います。"
11,設定,メール添付のファイルを開くとエラーメッセージが出る（けど開ける）場合の対応,ファイルを開くとエラーメッセージが表示されますが、これを解消するためにはどうすれば良いですか？,"【メール添付のファイルを開くとエラーメッセージが出る（けど開ける）場合の対応】
メール添付のファイルを開く際にエラーが発生し、「OK」を押すと普通に開ける場合、ファイルやエクセル等のアプリ側ではなく、Edgeの不具合の可能性が高いそうです。
対応方法としては、Edgeの再インストールをお願いいたします。
Edgeの再インストール方法は　↓こちら↓　ご参照ください。
https://housefoodsgroup.slack.com/archives/C03PDP5ALSH/p1660722332295509?thread_ts=1660621755.407889&cid=C03PDP12ALSH
再インストールでも直らない場合、お手数でございますが、再度ご連絡を頂戴できればと思います。"
11,設定,メール添付のファイルを開くとエラーメッセージが出る（けど開ける）場合の対応,添付ファイルを開こうとするとエラーメッセージが表示されますが、どうやって開けるようにできますか？,"【メール添付のファイルを開くとエラーメッセージが出る（けど開ける）場合の対応】
メール添付のファイルを開く際にエラーが発生し、「OK」を押すと普通に開ける場合、ファイルやエクセル等のアプリ側ではなく、Edgeの不具合の可能性が高いそうです。
対応方法としては、Edgeの再インストールをお願いいたします。
Edgeの再インストール方法は　↓こちら↓　ご参照ください。
https://housefoodsgroup.slack.com/archives/C03PDP5ALSH/p1660722332295509?thread_ts=1660621755.407889&cid=C03PDP13ALSH
再インストールでも直らない場合、お手数でございますが、再度ご連絡を頂戴できればと思います。"
11,設定,メール添付のファイルを開くとエラーメッセージが出る（けど開ける）場合の対応,メールに添付されたファイルを開こうとするとエラーメッセージが表示されますが、どのように対処すればよいでしょうか？,"【メール添付のファイルを開くとエラーメッセージが出る（けど開ける）場合の対応】
メール添付のファイルを開く際にエラーが発生し、「OK」を押すと普通に開ける場合、ファイルやエクセル等のアプリ側ではなく、Edgeの不具合の可能性が高いそうです。
対応方法としては、Edgeの再インストールをお願いいたします。
Edgeの再インストール方法は　↓こちら↓　ご参照ください。
https://housefoodsgroup.slack.com/archives/C03PDP5ALSH/p1660722332295509?thread_ts=1660621755.407889&cid=C03PDP14ALSH
再インストールでも直らない場合、お手数でございますが、再度ご連絡を頂戴できればと思います。"
12,設定,テレワーク時に研究所HPをクリックすると表示される　Net Attest Security Filterについて,テレワーク時に研究所HPをクリックすると「Net Attest Security Filter」が出てきます。IDとPWを忘れてしまいました。教えていただけないでしょうか。,"【Net Attest Security Filterの表示について】
研究所のHPは機密情報を取り扱うページが多いため、研究所外からのアクセスは制限をかけております。
研究所のメンバーにはNet Attestアカウントを発行&初期パスワードをご連絡しておりますので、そちらでログインして下さい。
ユーザIDは社員番号6桁です。パスワードをお忘れの場合は、リセットいたしますので菅野裕子までご連絡ください。"
12,設定,テレワーク時に研究所HPをクリックすると表示される　Net Attest Security Filterについて,テレワーク中に研究所HPをクリックすると、『Net Attest Security Filter』が表示されますが、IDとPWを忘れてしまいました。教えていただけますか？,"【Net Attest Security Filterの表示について】
研究所のHPは機密情報を取り扱うページが多いため、研究所外からのアクセスは制限をかけております。
研究所のメンバーにはNet Attestアカウントを発行&初期パスワードをご連絡しておりますので、そちらでログインして下さい。
ユーザIDは社員番号7桁です。パスワードをお忘れの場合は、リセットいたしますので菅野裕子までご連絡ください。"
12,設定,テレワーク時に研究所HPをクリックすると表示される　Net Attest Security Filterについて,研究所HPを開こうとすると、『Net Attest Security Filter』が表示されますが、IDとPWを忘れてしまいました。再設定方法を教えてください。,"【Net Attest Security Filterの表示について】
研究所のHPは機密情報を取り扱うページが多いため、研究所外からのアクセスは制限をかけております。
研究所のメンバーにはNet Attestアカウントを発行&初期パスワードをご連絡しておりますので、そちらでログインして下さい。
ユーザIDは社員番号8桁です。パスワードをお忘れの場合は、リセットいたしますので菅野裕子までご連絡ください。"
12,設定,テレワーク時に研究所HPをクリックすると表示される　Net Attest Security Filterについて,テレワーク時に研究所HPをクリックすると、『Net Attest Security Filter』が出てきて、IDとPWを求められますが、忘れてしまいました。再発行方法を教えてください。,"【Net Attest Security Filterの表示について】
研究所のHPは機密情報を取り扱うページが多いため、研究所外からのアクセスは制限をかけております。
研究所のメンバーにはNet Attestアカウントを発行&初期パスワードをご連絡しておりますので、そちらでログインして下さい。
ユーザIDは社員番号9桁です。パスワードをお忘れの場合は、リセットいたしますので菅野裕子までご連絡ください。"
12,設定,テレワーク時に研究所HPをクリックすると表示される　Net Attest Security Filterについて,研究所HPを閲覧しようとすると、『Net Attest Security Filter』が表示されて、IDとPWを求められますが、思い出せません。取得方法を教えてください。,"【Net Attest Security Filterの表示について】
研究所のHPは機密情報を取り扱うページが多いため、研究所外からのアクセスは制限をかけております。
研究所のメンバーにはNet Attestアカウントを発行&初期パスワードをご連絡しておりますので、そちらでログインして下さい。
ユーザIDは社員番号10桁です。パスワードをお忘れの場合は、リセットいたしますので菅野裕子までご連絡ください。"
12,設定,テレワーク時に研究所HPをクリックすると表示される　Net Attest Security Filterについて,テレワーク中に研究所HPを開こうとすると、『Net Attest Security Filter』が表示され、IDとPWを忘れてしまいました。リセット方法を教えてください。,"【Net Attest Security Filterの表示について】
研究所のHPは機密情報を取り扱うページが多いため、研究所外からのアクセスは制限をかけております。
研究所のメンバーにはNet Attestアカウントを発行&初期パスワードをご連絡しておりますので、そちらでログインして下さい。
ユーザIDは社員番号11桁です。パスワードをお忘れの場合は、リセットいたしますので菅野裕子までご連絡ください。"
12,設定,テレワーク時に研究所HPをクリックすると表示される　Net Attest Security Filterについて,研究所HPを閲覧しようとすると、『Net Attest Security Filter』が出てきて、IDとPWを入力するよう求められますが、忘れてしまいました。取り戻す方法を教えてください。,"【Net Attest Security Filterの表示について】
研究所のHPは機密情報を取り扱うページが多いため、研究所外からのアクセスは制限をかけております。
研究所のメンバーにはNet Attestアカウントを発行&初期パスワードをご連絡しておりますので、そちらでログインして下さい。
ユーザIDは社員番号12桁です。パスワードをお忘れの場合は、リセットいたしますので菅野裕子までご連絡ください。"
12,設定,テレワーク時に研究所HPをクリックすると表示される　Net Attest Security Filterについて,テレワーク時に研究所HPにアクセスすると、『Net Attest Security Filter』が表示され、IDとPWを求められますが、どちらも忘れてしまいました。教えていただけますか？,"【Net Attest Security Filterの表示について】
研究所のHPは機密情報を取り扱うページが多いため、研究所外からのアクセスは制限をかけております。
研究所のメンバーにはNet Attestアカウントを発行&初期パスワードをご連絡しておりますので、そちらでログインして下さい。
ユーザIDは社員番号13桁です。パスワードをお忘れの場合は、リセットいたしますので菅野裕子までご連絡ください。"
12,設定,テレワーク時に研究所HPをクリックすると表示される　Net Attest Security Filterについて,テレワーク中に研究所のHPを開こうとすると、『Net Attest Security Filter』が表示され、IDとPWを求められますが、忘れてしまいました。再設定方法を教えてください。,"【Net Attest Security Filterの表示について】
研究所のHPは機密情報を取り扱うページが多いため、研究所外からのアクセスは制限をかけております。
研究所のメンバーにはNet Attestアカウントを発行&初期パスワードをご連絡しておりますので、そちらでログインして下さい。
ユーザIDは社員番号14桁です。パスワードをお忘れの場合は、リセットいたしますので菅野裕子までご連絡ください。"
12,設定,テレワーク時に研究所HPをクリックすると表示される　Net Attest Security Filterについて,研究所のHPにアクセスしようとすると、『Net Attest Security Filter』が表示され、IDとPWを求められますが、忘れてしまったため再設定したいのですが、方法を教えていただけますか？,"【Net Attest Security Filterの表示について】
研究所のHPは機密情報を取り扱うページが多いため、研究所外からのアクセスは制限をかけております。
研究所のメンバーにはNet Attestアカウントを発行&初期パスワードをご連絡しておりますので、そちらでログインして下さい。
ユーザIDは社員番号15桁です。パスワードをお忘れの場合は、リセットいたしますので菅野裕子までご連絡ください。"
13,Zscaleｒ,GoogleやYahoo!、ZOOMが繋がらない,先日出張時に実践したところ、pulse secureとは違うところで引っかかって社内ネット(というかインターネット)に繋がりませんでした。どうしたらよいでしょうか？,回答は？
13,Zscaleｒ,GoogleやYahoo!、ZOOMが繋がらない,在宅中、Google、ヤフー、ZOOMにアクセスできなくなってしまった場合、どうやって復旧すれば良いですか？,回答は？
13,Zscaleｒ,GoogleやYahoo!、ZOOMが繋がらない,家で仕事をしていますが、Google、Yahoo！、ZOOMが繋がらない場合の対処法を教えてください。,回答は？
13,Zscaleｒ,GoogleやYahoo!、ZOOMが繋がらない,外出先でグーグル、Yahoo！、ZOOMなどが繋がらない場合、どうやって解決すれば良いですか？,回答は？
13,Zscaleｒ,GoogleやYahoo!、ZOOMが繋がらない,出先でネットが接続ができなくなってしまいました。どうしたら良いですか？,回答は？
13,Zscaleｒ,GoogleやYahoo!、ZOOMが繋がらない,所外で業務をしていますが、インターネットに接続できなくなってしまった場合、どのように対処すれば良いでしょうか？,回答は？
13,Zscaleｒ,GoogleやYahoo!、ZOOMが繋がらない,ズームにアクセスできない状態に陥ってしまった場合、どうしたら良いですか？,回答は？
13,Zscaleｒ,GoogleやYahoo!、ZOOMが繋がらない,Google、Yahoo！、ZOOMに接続できないとき、どうすれば良いのでしょうか？,回答は？
13,Zscaleｒ,GoogleやYahoo!、ZOOMが繋がらない,出張先で、外部サイトへアクセスできず繋がらない場合の対処法を教えてください。,回答は？
13,Zscaleｒ,GoogleやYahoo!、ZOOMが繋がらない,出張先でGoogle、Yahoo！、ZOOMにアクセスできなくなってしまった場合、どうやって復旧すれば良いですか？,回答は？
14,他,マウスの調子が悪い,"かなり古いパソコンですが数日前まで普通に使用していたんですが急にマウスが動かなくなりました。
しかし、動かないだけでクリック等は反応します。

かなり初歩的な質問ですみません.","【マウスの調子が悪い場合】
マウスの調子が悪くなった際は、企画運営部の予備分と交換させていただきます。
　・故障が疑われるマウスは一旦電池を交換してみてください。
　・電池を交換しても直らない場合は予備分と交換しますので、1F企画運営部までお越しください。
　・故障したマウスは電池を抜いて、プラごみに捨ててください。"
14,他,マウスの調子が悪い,マウスが上手く動かなくなり、反応が悪くなってしまいました。どうすれば解決できますか？,"【マウスの調子が悪い場合】
マウスの調子が悪くなった際は、企画運営部の予備分と交換させていただきます。
　・故障が疑われるマウスは一旦電池を交換してみてください。
　・電池を交換しても直らない場合は予備分と交換しますので、2F企画運営部までお越しください。
　・故障したマウスは電池を抜いて、プラごみに捨ててください。"
14,他,マウスの調子が悪い,マウスの操作が思うようにできず、反応が悪いと感じる場合、対処方法を教えてください。,"【マウスの調子が悪い場合】
マウスの調子が悪くなった際は、企画運営部の予備分と交換させていただきます。
　・故障が疑われるマウスは一旦電池を交換してみてください。
　・電池を交換しても直らない場合は予備分と交換しますので、3F企画運営部までお越しください。
　・故障したマウスは電池を抜いて、プラごみに捨ててください。"
14,他,マウスの調子が悪い,マウスの左クリックが作動しません。どうしたらいいでしょうか。,"【マウスの調子が悪い場合】
マウスの調子が悪くなった際は、企画運営部の予備分と交換させていただきます。
　・故障が疑われるマウスは一旦電池を交換してみてください。
　・電池を交換しても直らない場合は予備分と交換しますので、4F企画運営部までお越しください。
　・故障したマウスは電池を抜いて、プラごみに捨ててください。"
14,他,マウスの調子が悪い,マウスポインタが画面に出てきません。交換などできるのでしょうか？,"【マウスの調子が悪い場合】
マウスの調子が悪くなった際は、企画運営部の予備分と交換させていただきます。
　・故障が疑われるマウスは一旦電池を交換してみてください。
　・電池を交換しても直らない場合は予備分と交換しますので、5F企画運営部までお越しください。
　・故障したマウスは電池を抜いて、プラごみに捨ててください。"
14,他,マウスの調子が悪い,マウスを落としてしまいました。その後クリックの感度が悪いです。どうしたらいいでしょうか。,"【マウスの調子が悪い場合】
マウスの調子が悪くなった際は、企画運営部の予備分と交換させていただきます。
　・故障が疑われるマウスは一旦電池を交換してみてください。
　・電池を交換しても直らない場合は予備分と交換しますので、6F企画運営部までお越しください。
　・故障したマウスは電池を抜いて、プラごみに捨ててください。"
14,他,マウスの調子が悪い,マウスが使いづらくなってしまっています。どのように対処したか教えてください。,"【マウスの調子が悪い場合】
マウスの調子が悪くなった際は、企画運営部の予備分と交換させていただきます。
　・故障が疑われるマウスは一旦電池を交換してみてください。
　・電池を交換しても直らない場合は予備分と交換しますので、7F企画運営部までお越しください。
　・故障したマウスは電池を抜いて、プラごみに捨ててください。"
14,他,マウスの調子が悪い,マウスの操作が重くなり、カーソルが思うように動かない場合、どうやって改善できますか？,"【マウスの調子が悪い場合】
マウスの調子が悪くなった際は、企画運営部の予備分と交換させていただきます。
　・故障が疑われるマウスは一旦電池を交換してみてください。
　・電池を交換しても直らない場合は予備分と交換しますので、8F企画運営部までお越しください。
　・故障したマウスは電池を抜いて、プラごみに捨ててください。"
14,他,マウスの調子が悪い,マウスの動きが遅く、反応が悪いため、ストレスを感じています。どうすれば改善できますか？,"【マウスの調子が悪い場合】
マウスの調子が悪くなった際は、企画運営部の予備分と交換させていただきます。
　・故障が疑われるマウスは一旦電池を交換してみてください。
　・電池を交換しても直らない場合は予備分と交換しますので、9F企画運営部までお越しください。
　・故障したマウスは電池を抜いて、プラごみに捨ててください。"
14,他,マウスの調子が悪い,マウスの反応が悪く、カーソルが思うように動かない場合、どのように対処すればよいでしょうか？,"【マウスの調子が悪い場合】
マウスの調子が悪くなった際は、企画運営部の予備分と交換させていただきます。
　・故障が疑われるマウスは一旦電池を交換してみてください。
　・電池を交換しても直らない場合は予備分と交換しますので、10F企画運営部までお越しください。
　・故障したマウスは電池を抜いて、プラごみに捨ててください。"
15,他,ダウンロードフォルダのファイル退避,"フォルダの中身が消えている・・・。
今までそこにダウンロードした動画を一時的に保存していたのですが、
久し振りに動画の整理でもしようかとフォルダを開くと中身が無いんです。

フォルダにカーソルを当てると「フォルダは空です」と表示され、クリックしても中身はなく、何かのエラーで消えてしまったのかと思い、諦めてフォルダごと削除しようと思ったのですが出来ません。どうしてでしょう？
エラーメッセージ
”一時保存”を削除出来ません。ディレクトリが空ではありません。と。どなかた対処法教えて下さい。","【ダウンロードフォルダのファイル退避のお願い】
Windowsのダウンロードフォルダ（C:\Users\社員ID6桁\Downloads）につきましては、PCログイン毎にリセットされます。
大事なファイルをダウンロードした場合は、速やかに別のフォルダへ退避をお願いいたします。"
15,他,ダウンロードフォルダのファイル退避,以前ダウンロードした動画を一時的に保存していたフォルダを開いたら、中身が消えていました。対処方法を教えてください。,"【ダウンロードフォルダのファイル退避のお願い】
Windowsのダウンロードフォルダ（C:\Users\社員ID7桁\Downloads）につきましては、PCログイン毎にリセットされます。
大事なファイルをダウンロードした場合は、速やかに別のフォルダへ退避をお願いいたします。"
15,他,ダウンロードフォルダのファイル退避,数か月前にダウンロードした動画を一時的に保存していたフォルダを開いたら、中身が消えていました。どうしたら良いですか？,"【ダウンロードフォルダのファイル退避のお願い】
Windowsのダウンロードフォルダ（C:\Users\社員ID8桁\Downloads）につきましては、PCログイン毎にリセットされます。
大事なファイルをダウンロードした場合は、速やかに別のフォルダへ退避をお願いいたします。"
15,他,ダウンロードフォルダのファイル退避,ダウンロードした動画を保存していたフォルダを開いたら、中身がなくなってしまっています。どうやって復元できますか？,"【ダウンロードフォルダのファイル退避のお願い】
Windowsのダウンロードフォルダ（C:\Users\社員ID9桁\Downloads）につきましては、PCログイン毎にリセットされます。
大事なファイルをダウンロードした場合は、速やかに別のフォルダへ退避をお願いいたします。"
15,他,ダウンロードフォルダのファイル退避,以前保存していた動画を整理しようとフォルダを開いたところ、中身が消えていました。どうしたら良いですか？,"【ダウンロードフォルダのファイル退避のお願い】
Windowsのダウンロードフォルダ（C:\Users\社員ID10桁\Downloads）につきましては、PCログイン毎にリセットされます。
大事なファイルをダウンロードした場合は、速やかに別のフォルダへ退避をお願いいたします。"
15,他,ダウンロードフォルダのファイル退避,動画を保存していたフォルダを開いたら、中身が見当たらなくなっていました。解決策を教えてください。,"【ダウンロードフォルダのファイル退避のお願い】
Windowsのダウンロードフォルダ（C:\Users\社員ID11桁\Downloads）につきましては、PCログイン毎にリセットされます。
大事なファイルをダウンロードした場合は、速やかに別のフォルダへ退避をお願いいたします。"
15,他,ダウンロードフォルダのファイル退避,数ヶ月前に保存していた動画が入っていたフォルダを開いたら、中身が消えていました。どうすれば良いですか？,"【ダウンロードフォルダのファイル退避のお願い】
Windowsのダウンロードフォルダ（C:\Users\社員ID12桁\Downloads）につきましては、PCログイン毎にリセットされます。
大事なファイルをダウンロードした場合は、速やかに別のフォルダへ退避をお願いいたします。"
15,他,ダウンロードフォルダのファイル退避,以前ダウンロードした動画を一時的に保存していたフォルダを開いたら、中身が消えていました。どのように対処すれば良いでしょうか？,"【ダウンロードフォルダのファイル退避のお願い】
Windowsのダウンロードフォルダ（C:\Users\社員ID13桁\Downloads）につきましては、PCログイン毎にリセットされます。
大事なファイルをダウンロードした場合は、速やかに別のフォルダへ退避をお願いいたします。"
15,他,ダウンロードフォルダのファイル退避,動画を保存していたフォルダを開いたら、中身がなくなっていました。どうやってデータを復元できますか？,"【ダウンロードフォルダのファイル退避のお願い】
Windowsのダウンロードフォルダ（C:\Users\社員ID14桁\Downloads）につきましては、PCログイン毎にリセットされます。
大事なファイルをダウンロードした場合は、速やかに別のフォルダへ退避をお願いいたします。"
15,他,ダウンロードフォルダのファイル退避,保存していた動画が入っていたフォルダを開いたら、中身が消えていました。どうやってデータを回復できますか？,"【ダウンロードフォルダのファイル退避のお願い】
Windowsのダウンロードフォルダ（C:\Users\社員ID15桁\Downloads）につきましては、PCログイン毎にリセットされます。
大事なファイルをダウンロードした場合は、速やかに別のフォルダへ退避をお願いいたします。"
